trumpet__;trumpet__;trumpet__;timpani;oboe__;oboe__;oboe__;violin__;violin__;viola;soprano;alto;tenor;bass;continuo;measure;composer;corpus
[('P', 1.0)];[('P', 1.0)];[('P', 1.0)];[('P', 1.0)];[['F#5', 1.0]];[['A4', 1.0]];[['D4', 1.0]];[['F#5', 1.0]];[['A4', 1.0]];[['D4', 1.0]];[['F#5', 1.0]];[['A4', 1.0]];[['D4', 1.0]];[['D3', 1.0]];[['D3', 1.0]];0;bach;bwv190.7-inst
[('P', 4.0)];[('P', 4.0)];[('P', 4.0)];[('P', 4.0)];[['F#5', 1.0], ['D5', 1.0], ['E5', 1.0], ['F#5', 1.0]];[['A4', 1.0], ['A4', 1.0], ['B4', 1.0], ['C5', 1.0]];[['D4', 1.0], ['F#4', 1.0], ['G4', 1.0], ['A4', 1.0]];[['F#5', 1.0], ['D5', 1.0], ['E5', 1.0], ['F#5', 1.0]];[['A4', 1.0], ['F#4', 1.0], ['G4', 1.0], ['A4', 1.0]];[['D4', 1.0], ['A3', 1.0], ['B3', 1.0], ['C4', 1.0]];[['F#5', 1.0], ['D5', 1.0], ['E5', 1.0], ['F#5', 1.0]];[['A4', 1.0], ['F#4', 1.0], ['G4', 1.0], ['A4', 1.0]];[['D4', 1.0], ['A3', 1.0], ['B3', 1.0], ['C4', 1.0]];[['D4', 1.0], ['C4', 1.0], ['B3', 1.0], ['A3', 1.0]];[['D4', 1.0], ['C4', 1.0], ['B3', 1.0], ['A3', 1.0]];1;bach;bwv190.7-inst
[('P', 4.0)];[('P', 4.0)];[('P', 4.0)];[('P', 4.0)];[['G5', 2.0], ['E5', 1.0], ['E5', 1.0]];[['D5', 2.0], ['C5', 1.0], ['C5', 1.0]];[['B4', 2.0], ['G4', 1.0], ['G4', 1.0]];[['G5', 2.0], ['E5', 1.0], ['E5', 1.0]];[['B4', 2.0], ['G4', 1.0], ['G4', 1.0]];[['D4', 2.0], ['C4', 1.0], ['C4', 1.0]];[['G5', 2.0], ['E5', 1.0], ['E5', 1.0]];[['B4', 2.0], ['G4', 1.0], ['G4', 1.0]];[['D4', 2.0], ['C4', 1.0], ['C4', 1.0]];[['G3', 2.0], ['C3', 1.0], ['B3', 1.0]];[['G3', 2.0], ['C3', 1.0], ['B2', 1.0]];2;bach;bwv190.7-inst
[('P', 2.0), ('P', 0.5), ['B5', 0.25], ['B5', 0.25], ['A5', 0.25], ['B5', 0.25], ['A5', 0.25], ['G5', 0.25]];[('P', 2.0), ('P', 0.5), ['E5', 0.25], ['E5', 0.25], ['E5', 0.25], ['G5', 0.25], ['F#5', 0.25], ['E5', 0.25]];[('P', 2.0), ('P', 0.5), ['D4', 0.25], ['F#4', 0.25], ['A4', 0.5], ['A4', 0.5]];[('P', 2.0), ('P', 0.5), ['D3', 0.25], ['D3', 0.25], ['A2', 0.5], ['A2', 0.5]];[['E5', 1.0], ['D5', 1.0], ['D5', 1.0], ['C#5', 1.0]];[['C#5', 1.0], ['B4', 1.0], ['B4', 0.5], ['E4', 0.5], ['A4', 1.0]];[['F#4', 1.0], ['F#4', 1.0], ['E4', 1.0], ['E4', 1.0]];[['E5', 1.0], ['D5', 1.0], ['D5', 1.0], ['C#5', 1.0]];[['F#4', 1.0], ['F#4', 1.0], ['E4', 1.0], ['A4', 1.0]];[['C#4', 1.0], ['D4', 1.0], ['B3', 1.0], ['E4', 1.0]];[['E5', 1.0], ['D5', 1.0], ['D5', 1.0], ['C#5', 1.0]];[['F#4', 1.0], ['F#4', 1.0], ['E4', 1.0], ['A4', 1.0]];[['C#4', 1.0], ['D4', 1.0], ['B3', 1.0], ['E4', 1.0]];[['A#3', 1.0], ['B3', 1.0], ['G#3', 1.0], ['A3', 1.0]];[['A#2', 1.0], ['B2', 1.0], ['G#2', 1.0], ['A2', 1.0]];3;bach;bwv190.7-inst
[['F#5', 0.25], ['E5', 0.25], ['F#5', 0.25], ['G5', 0.25], ['F#5', 0.25], ['G5', 0.25], ['F#5', 0.25], ['E5', 0.25], ['D5', 1.0], ('P', 1.0)];[['D5', 0.5], ['A5', 0.25], ['G5', 0.25], ['A5', 0.25], ['B5', 0.25], ['A5', 0.25], ['G5', 0.25], ['F#5', 1.0], ('P', 1.0)];[['A4', 0.5], ['D5', 0.25], ['D5', 0.25], ['D5', 0.25], ['A4', 0.25], ['D5', 0.25], ['A4', 0.25], ['A4', 1.0], ('P', 1.0)];[['D3', 0.5], ['D3', 0.25], ['D3', 0.25], ['D3', 0.25], ['D3', 0.25], ['D3', 0.25], ['D3', 0.25], ['D3', 1.0], ('P', 1.0)];[['D5', 3.0], ['E5', 1.0]];[['A4', 3.0], ['C#5', 1.0]];[['F#4', 3.0], ['A4', 1.0]];[['D5', 3.0], ['E5', 1.0]];[['A4', 3.0], ['A4', 1.0]];[['F#4', 3.0], ['C#4', 1.0]];[['D5', 3.0], ['E5', 1.0]];[['A4', 3.0], ['A4', 1.0]];[['F#4', 3.0], ['C#4', 1.0]];[['D3', 3.0], ['A3', 1.0]];[['D2', 3.0], ['A3', 1.0]];4;bach;bwv190.7-inst
[('P', 4.0)];[('P', 4.0)];[('P', 4.0)];[('P', 4.0)];[['E5', 1.0], ['E5', 1.0], ['E5', 1.0], ['F#5', 1.0]];[['B4', 1.0], ['B4', 1.0], ['C#5', 1.0], ['C#5', 1.0]];[['E4', 1.0], ['G#4', 1.0], ['A4', 1.0], ['A#4', 1.0]];[['E5', 1.0], ['E5', 1.0], ['E5', 1.0], ['F#5', 1.0]];[['E4', 1.0], ['G#4', 1.0], ['A4', 1.0], ['A#4', 1.0]];[['B3', 0.5], ['C#4', 0.5], ['D4', 1.0], ['C#4', 1.0], ['C#4', 1.0]];[['E5', 1.0], ['E5', 1.0], ['E5', 1.0], ['F#5', 1.0]];[['E4', 1.0], ['G#4', 1.0], ['A4', 1.0], ['A#4', 1.0]];[['B3', 0.5], ['C#4', 0.5], ['D4', 1.0], ['C#4', 1.0], ['C#4', 1.0]];[['G#3', 1.0], ['E3', 1.0], ['A3', 1.0], ['F#3', 1.0]];[['G#3', 1.0], ['E3', 1.0], ['A3', 1.0], ['F#3', 1.0]];5;bach;bwv190.7-inst
[('P', 4.0)];[('P', 4.0)];[('P', 4.0)];[('P', 4.0)];[['D5', 2.0], ['D5', 1.0], ['D5', 1.0]];[['B4', 2.0], ['B4', 1.0], ['B4', 1.0]];[['F#4', 2.0], ['F#4', 1.0], ['F#4', 1.0]];[['D5', 2.0], ['D5', 1.0], ['D5', 1.0]];[['B4', 2.0], ['B4', 1.0], ['F#4', 1.0]];[['D4', 0.5], ['E4', 0.5], ['F#4', 1.0], ['F#4', 1.0], ['B3', 1.0]];[['D5', 2.0], ['D5', 1.0], ['D5', 1.0]];[['B4', 2.0], ['B4', 1.0], ['F#4', 1.0]];[['D4', 0.5], ['E4', 0.5], ['F#4', 1.0], ['F#4', 1.0], ['B3', 1.0]];[['B3', 2.0], ['B3', 1.0], ['B3', 1.0]];[['B3', 2.0], ['B3', 1.0], ['B3', 1.0]];6;bach;bwv190.7-inst
[('P', 2.0), ('P', 0.5), ['A5', 0.25], ['G5', 0.25], ['A5', 0.25], ['B5', 0.25], ['A5', 0.25], ['G5', 0.25]];[('P', 2.0), ('P', 0.5), ['E5', 0.25], ['E5', 0.25], ['E5', 0.25], ['G5', 0.25], ['F#5', 0.25], ['E5', 0.25]];[('P', 2.0), ('P', 0.5), ['A4', 0.25], ['A4', 0.25], ['A4', 0.5], ['A4', 0.5]];[('P', 2.0), ('P', 0.5), ['A2', 0.25], ['A2', 0.25], ['A2', 0.5], ['A2', 0.5]];[['C#5', 1.0], ['D5', 1.0], ['E5', 1.0], ['E5', 1.0]];[['G4', 1.0], ['A4', 1.0], ['A4', 1.0], ['A4', 1.0]];[['E4', 1.0], ['F#4', 0.5], ['D5', 0.5], ['D5', 1.0], ['C#5', 1.0]];[['C#5', 1.0], ['D5', 1.0], ['E5', 1.0], ['E5', 1.0]];[['E4', 1.0], ['F#4', 1.0], ['G4', 0.5], ['A4', 0.25], ['B4', 0.25], ['A4', 0.5], ['E4', 0.5]];[['G3', 1.0], ['A3', 0.5], ['D4', 0.5], ['D4', 1.0], ['C#4', 1.0]];[['C#5', 1.0], ['D5', 1.0], ['E5', 1.0], ['E5', 1.0]];[['E4', 1.0], ['F#4', 1.0], ['G4', 0.5], ['A4', 0.25], ['B4', 0.25], ['A4', 0.5], ['E4', 0.5]];[['G3', 1.0], ['A3', 0.5], ['D4', 0.5], ['D4', 1.0], ['C#4', 1.0]];[['E3', 1.0], ['D3', 1.0], ['A3', 1.0], ['A2', 1.0]];[['E3', 1.0], ['D3', 1.0], ['A3', 1.0], ['A2', 1.0]];7;bach;bwv190.7-inst
[['F#5', 0.25], ['E5', 0.25], ['F#5', 0.25], ['G5', 0.25], ['F#5', 0.25], ['G5', 0.25], ['F#5', 0.25], ['E5', 0.25], ['D5', 1.0], ('P', 1.0)];[['D5', 0.5], ['A5', 0.25], ['G5', 0.25], ['A5', 0.25], ['B5', 0.25], ['A5', 0.25], ['G5', 0.25], ['F#5', 1.0], ('P', 1.0)];[['A4', 0.5], ['D5', 0.25], ['D5', 0.25], ['D5', 0.25], ['A4', 0.25], ['D5', 0.25], ['A4', 0.25], ['A4', 1.0], ('P', 1.0)];[['D3', 0.5], ['D3', 0.25], ['D3', 0.25], ['D3', 0.25], ['D3', 0.25], ['D3', 0.25], ['D3', 0.25], ['D3', 1.0], ('P', 1.0)];[['D5', 3.0], ['F#5', 1.0]];[['A4', 3.0], ['A4', 1.0]];[['F#4', 3.0], ['D4', 1.0]];[['D5', 3.0], ['F#5', 1.0]];[['F#4', 3.0], ['A4', 1.0]];[['A3', 3.0], ['D4', 1.0]];[['D5', 3.0], ['F#5', 1.0]];[['F#4', 3.0], ['A4', 1.0]];[['A3', 3.0], ['D4', 1.0]];[['D3', 3.0], ['D3', 1.0]];[['D3', 3.0], ['D3', 1.0]];8;bach;bwv190.7-inst
[('P', 4.0)];[('P', 4.0)];[('P', 4.0)];[('P', 4.0)];[['F#5', 1.0], ['D5', 1.0], ['E5', 1.0], ['F#5', 1.0]];[['A4', 1.0], ['A4', 1.0], ['B4', 1.0], ['C5', 1.0]];[['D4', 1.0], ['F#4', 1.0], ['G4', 1.0], ['A4', 1.0]];[['F#5', 1.0], ['D5', 1.0], ['E5', 1.0], ['F#5', 1.0]];[['A4', 1.0], ['F#4', 1.0], ['G4', 1.0], ['A4', 1.0]];[['D4', 1.0], ['A3', 1.0], ['B3', 1.0], ['C4', 1.0]];[['F#5', 1.0], ['D5', 1.0], ['E5', 1.0], ['F#5', 1.0]];[['A4', 1.0], ['F#4', 1.0], ['G4', 1.0], ['A4', 1.0]];[['D4', 1.0], ['A3', 1.0], ['B3', 1.0], ['C4', 1.0]];[['D4', 1.0], ['C4', 1.0], ['B3', 1.0], ['A3', 1.0]];[['D4', 1.0], ['C4', 1.0], ['B3', 1.0], ['A3', 1.0]];9;bach;bwv190.7-inst
[('P', 4.0)];[('P', 4.0)];[('P', 4.0)];[('P', 4.0)];[['G5', 2.0], ['E5', 1.0], ['E5', 1.0]];[['D5', 2.0], ['C5', 1.0], ['C5', 1.0]];[['B4', 2.0], ['G4', 1.0], ['G4', 1.0]];[['G5', 2.0], ['E5', 1.0], ['E5', 1.0]];[['B4', 2.0], ['G4', 1.0], ['G4', 1.0]];[['D4', 2.0], ['C4', 1.0], ['C4', 1.0]];[['G5', 2.0], ['E5', 1.0], ['E5', 1.0]];[['B4', 2.0], ['G4', 1.0], ['G4', 1.0]];[['D4', 2.0], ['C4', 1.0], ['C4', 1.0]];[['G3', 2.0], ['C3', 1.0], ['B3', 1.0]];[['G3', 2.0], ['C3', 1.0], ['B2', 1.0]];10;bach;bwv190.7-inst
[('P', 2.0), ('P', 0.5), ['B5', 0.25], ['B5', 0.25], ['A5', 0.25], ['B5', 0.25], ['A5', 0.25], ['G5', 0.25]];[('P', 2.0), ('P', 0.5), ['E5', 0.25], ['E5', 0.25], ['E5', 0.25], ['G5', 0.25], ['F#5', 0.25], ['E5', 0.25]];[('P', 2.0), ('P', 0.5), ['D4', 0.25], ['F#4', 0.25], ['A4', 0.5], ['A4', 0.5]];[('P', 2.0), ('P', 0.5), ['D3', 0.25], ['D3', 0.25], ['A2', 0.5], ['A2', 0.5]];[['E5', 1.0], ['D5', 1.0], ['D5', 1.0], ['C#5', 1.0]];[['C#5', 1.0], ['B4', 1.0], ['B4', 0.5], ['E4', 0.5], ['A4', 1.0]];[['F#4', 1.0], ['F#4', 1.0], ['E4', 1.0], ['E4', 1.0]];[['E5', 1.0], ['D5', 1.0], ['D5', 1.0], ['C#5', 1.0]];[['F#4', 1.0], ['F#4', 1.0], ['E4', 1.0], ['A4', 1.0]];[['C#4', 1.0], ['D4', 1.0], ['B3', 1.0], ['E4', 1.0]];[['E5', 1.0], ['D5', 1.0], ['D5', 1.0], ['C#5', 1.0]];[['F#4', 1.0], ['F#4', 1.0], ['E4', 1.0], ['A4', 1.0]];[['C#4', 1.0], ['D4', 1.0], ['B3', 1.0], ['E4', 1.0]];[['A#3', 1.0], ['B3', 1.0], ['G#3', 1.0], ['A3', 1.0]];[['A#2', 1.0], ['B2', 1.0], ['G#2', 1.0], ['A2', 1.0]];11;bach;bwv190.7-inst
[['F#5', 0.25], ['E5', 0.25], ['F#5', 0.25], ['G5', 0.25], ['F#5', 0.25], ['G5', 0.25], ['F#5', 0.25], ['E5', 0.25], ['D5', 1.0], ('P', 1.0)];[['D5', 0.5], ['A5', 0.25], ['G5', 0.25], ['A5', 0.25], ['B5', 0.25], ['A5', 0.25], ['G5', 0.25], ['F#5', 1.0], ('P', 1.0)];[['A4', 0.5], ['D5', 0.25], ['D5', 0.25], ['D5', 0.25], ['A4', 0.25], ['D5', 0.25], ['A4', 0.25], ['A4', 1.0], ('P', 1.0)];[['D3', 0.5], ['D3', 0.25], ['D3', 0.25], ['D3', 0.25], ['D3', 0.25], ['D3', 0.25], ['D3', 0.25], ['D3', 1.0], ('P', 1.0)];[['D5', 3.0], ['E5', 1.0]];[['A4', 3.0], ['C#5', 1.0]];[['F#4', 3.0], ['A4', 1.0]];[['D5', 3.0], ['E5', 1.0]];[['A4', 3.0], ['A4', 1.0]];[['F#4', 3.0], ['C#4', 1.0]];[['D5', 3.0], ['E5', 1.0]];[['A4', 3.0], ['A4', 1.0]];[['F#4', 3.0], ['C#4', 1.0]];[['D3', 3.0], ['A3', 1.0]];[['D2', 3.0], ['A3', 1.0]];12;bach;bwv190.7-inst
[('P', 4.0)];[('P', 4.0)];[('P', 4.0)];[('P', 4.0)];[['E5', 1.0], ['E5', 1.0], ['E5', 1.0], ['F#5', 1.0]];[['B4', 1.0], ['B4', 1.0], ['C#5', 1.0], ['C#5', 1.0]];[['E4', 1.0], ['G#4', 1.0], ['A4', 1.0], ['A#4', 1.0]];[['E5', 1.0], ['E5', 1.0], ['E5', 1.0], ['F#5', 1.0]];[['E4', 1.0], ['G#4', 1.0], ['A4', 1.0], ['A#4', 1.0]];[['B3', 0.5], ['C#4', 0.5], ['D4', 1.0], ['C#4', 1.0], ['C#4', 1.0]];[['E5', 1.0], ['E5', 1.0], ['E5', 1.0], ['F#5', 1.0]];[['E4', 1.0], ['G#4', 1.0], ['A4', 1.0], ['A#4', 1.0]];[['B3', 0.5], ['C#4', 0.5], ['D4', 1.0], ['C#4', 1.0], ['C#4', 1.0]];[['G#3', 1.0], ['E3', 1.0], ['A3', 1.0], ['F#3', 1.0]];[['G#3', 1.0], ['E3', 1.0], ['A3', 1.0], ['F#3', 1.0]];13;bach;bwv190.7-inst
[('P', 4.0)];[('P', 4.0)];[('P', 4.0)];[('P', 4.0)];[['D5', 2.0], ['D5', 1.0], ['D5', 1.0]];[['B4', 2.0], ['B4', 1.0], ['B4', 1.0]];[['F#4', 2.0], ['F#4', 1.0], ['F#4', 1.0]];[['D5', 2.0], ['D5', 1.0], ['D5', 1.0]];[['B4', 2.0], ['B4', 1.0], ['F#4', 1.0]];[['D4', 0.5], ['E4', 0.5], ['F#4', 1.0], ['F#4', 1.0], ['B3', 1.0]];[['D5', 2.0], ['D5', 1.0], ['D5', 1.0]];[['B4', 2.0], ['B4', 1.0], ['F#4', 1.0]];[['D4', 0.5], ['E4', 0.5], ['F#4', 1.0], ['F#4', 1.0], ['B3', 1.0]];[['B3', 2.0], ['B3', 1.0], ['B3', 1.0]];[['B3', 2.0], ['B3', 1.0], ['B3', 1.0]];14;bach;bwv190.7-inst
[('P', 2.0), ('P', 0.5), ['A5', 0.25], ['G5', 0.25], ['A5', 0.25], ['B5', 0.25], ['A5', 0.25], ['G5', 0.25]];[('P', 2.0), ('P', 0.5), ['E5', 0.25], ['E5', 0.25], ['E5', 0.25], ['G5', 0.25], ['F#5', 0.25], ['E5', 0.25]];[('P', 2.0), ('P', 0.5), ['A4', 0.25], ['A4', 0.25], ['A4', 0.5], ['A4', 0.5]];[('P', 2.0), ('P', 0.5), ['A2', 0.25], ['A2', 0.25], ['A2', 0.5], ['A2', 0.5]];[['C#5', 1.0], ['D5', 1.0], ['E5', 1.0], ['E5', 1.0]];[['G4', 1.0], ['A4', 1.0], ['A4', 1.0], ['A4', 1.0]];[['E4', 1.0], ['F#4', 0.5], ['D5', 0.5], ['D5', 1.0], ['C#5', 1.0]];[['C#5', 1.0], ['D5', 1.0], ['E5', 1.0], ['E5', 1.0]];[['E4', 1.0], ['F#4', 1.0], ['G4', 0.5], ['A4', 0.25], ['B4', 0.25], ['A4', 0.5], ['E4', 0.5]];[['G3', 1.0], ['A3', 0.5], ['D4', 0.5], ['D4', 1.0], ['C#4', 1.0]];[['C#5', 1.0], ['D5', 1.0], ['E5', 1.0], ['E5', 1.0]];[['E4', 1.0], ['F#4', 1.0], ['G4', 0.5], ['A4', 0.25], ['B4', 0.25], ['A4', 0.5], ['E4', 0.5]];[['G3', 1.0], ['A3', 0.5], ['D4', 0.5], ['D4', 1.0], ['C#4', 1.0]];[['E3', 1.0], ['D3', 1.0], ['A3', 1.0], ['A2', 1.0]];[['E3', 1.0], ['D3', 1.0], ['A3', 1.0], ['A2', 1.0]];15;bach;bwv190.7-inst
[['F#5', 0.25], ['E5', 0.25], ['F#5', 0.25], ['G5', 0.25], ['F#5', 0.25], ['G5', 0.25], ['F#5', 0.25], ['E5', 0.25], ['D5', 1.0], ('P', 1.0)];[['D5', 0.5], ['A5', 0.25], ['G5', 0.25], ['A5', 0.25], ['B5', 0.25], ['A5', 0.25], ['G5', 0.25], ['F#5', 1.0], ('P', 1.0)];[['A4', 0.5], ['D5', 0.25], ['D5', 0.25], ['D5', 0.25], ['A4', 0.25], ['D5', 0.25], ['A4', 0.25], ['A4', 1.0], ('P', 1.0)];[['D3', 0.5], ['D3', 0.25], ['D3', 0.25], ['D3', 0.25], ['D3', 0.25], ['D3', 0.25], ['D3', 0.25], ['D3', 1.0], ('P', 1.0)];[['D5', 3.0], ['C#5', 1.0]];[['A4', 3.0], ['A4', 1.0]];[['F#4', 3.0], ['E4', 1.0]];[['D5', 3.0], ['C#5', 1.0]];[['F#4', 3.0], ['E4', 1.0]];[['A3', 3.0], ['A3', 1.0]];[['D5', 3.0], ['C#5', 1.0]];[['F#4', 3.0], ['E4', 1.0]];[['A3', 3.0], ['A3', 1.0]];[['D3', 3.0], ['A2', 1.0]];[['D3', 3.0], ['A2', 1.0]];16;bach;bwv190.7-inst
[('P', 2.0), ('P', 0.5), ['A5', 0.25], ['G5', 0.25], ['A5', 0.25], ['B5', 0.25], ['A5', 0.25], ['G5', 0.25]];[('P', 2.0), ('P', 0.5), ['E5', 0.25], ['E5', 0.25], ['E5', 0.25], ['G5', 0.25], ['F#5', 0.25], ['E5', 0.25]];[('P', 2.0), ('P', 0.5), ['A4', 0.25], ['A4', 0.25], ['A4', 0.5], ['A4', 0.5]];[('P', 2.0), ('P', 0.5), ['A2', 0.25], ['A2', 0.25], ['A2', 0.5], ['A2', 0.5]];[['C#5', 1.0], ['C#5', 1.0], ['C#5', 1.0], ['C#5', 1.0]];[['A4', 1.0], ['A4', 1.0], ['A4', 1.0], ['A4', 1.0]];[['E4', 1.0], ['E4', 1.0], ['F#4', 1.0], ['G4', 0.5], ['E4', 0.5]];[['C#5', 1.0], ['C#5', 1.0], ['C#5', 1.0], ['C#5', 1.0]];[['A4', 1.0], ['A4', 1.0], ['A4', 1.0], ['A4', 1.0]];[['E4', 1.0], ['E4', 1.0], ['F#4', 1.0], ['G4', 0.5], ['E4', 0.5]];[['C#5', 1.0], ['C#5', 1.0], ['C#5', 1.0], ['C#5', 1.0]];[['A4', 1.0], ['A4', 1.0], ['A4', 1.0], ['A4', 1.0]];[['E4', 1.0], ['E4', 1.0], ['F#4', 1.0], ['G4', 0.5], ['E4', 0.5]];[['A3', 1.0], ['G3', 1.0], ['F#3', 1.0], ['A3', 1.0]];[['A3', 1.0], ['G3', 1.0], ['F#3', 1.0], ['A3', 1.0]];17;bach;bwv190.7-inst
[['F#5', 0.25], ['E5', 0.25], ['F#5', 0.25], ['G5', 0.25], ['F#5', 0.25], ['G5', 0.25], ['F#5', 0.25], ['E5', 0.25], ['D5', 1.0], ('P', 1.0)];[['D5', 0.5], ['A5', 0.25], ['G5', 0.25], ['A5', 0.25], ['B5', 0.25], ['A5', 0.25], ['G5', 0.25], ['F#5', 1.0], ('P', 1.0)];[['A4', 0.5], ['D5', 0.25], ['A4', 0.25], ['D5', 0.25], ['A4', 0.25], ['D5', 0.25], ['A4', 0.25], ['A4', 1.0], ('P', 1.0)];[['D3', 0.5], ['D3', 0.25], ['D3', 0.25], ['D3', 0.25], ['D3', 0.25], ['D3', 0.25], ['D3', 0.25], ['D3', 1.0], ('P', 1.0)];[['D5', 2.0], ['D5', 1.0], ['C#5', 1.0]];[['A4', 2.0], ['A4', 1.0], ['A4', 1.0]];[['F#4', 2.0], ['F#4', 1.0], ['E4', 1.0]];[['D5', 2.0], ['D5', 1.0], ['C#5', 1.0]];[['A4', 2.0], ['A4', 1.0], ['E4', 1.0]];[['F#4', 2.0], ['F#4', 1.0], ['A3', 1.0]];[['D5', 2.0], ['D5', 1.0], ['C#5', 1.0]];[['A4', 2.0], ['A4', 1.0], ['E4', 1.0]];[['F#4', 2.0], ['F#4', 1.0], ['A3', 1.0]];[['D3', 2.0], ['D3', 1.0], ['A2', 1.0]];[['D3', 2.0], ['D3', 1.0], ['A2', 1.0]];18;bach;bwv190.7-inst
[('P', 2.0), ('P', 0.5), ['A5', 0.25], ['G5', 0.25], ['A5', 0.25], ['B5', 0.25], ['A5', 0.25], ['G5', 0.25]];[('P', 2.0), ('P', 0.5), ['E5', 0.25], ['E5', 0.25], ['E5', 0.25], ['G5', 0.25], ['F#5', 0.25], ['E5', 0.25]];[('P', 2.0), ('P', 0.5), ['A4', 0.25], ['A4', 0.25], ['A4', 0.5], ['A4', 0.5]];[('P', 2.0), ('P', 0.5), ['A2', 0.25], ['A2', 0.25], ['A2', 0.5], ['A2', 0.5]];[['C#5', 1.0], ['C#5', 1.0], ['C#5', 1.0], ['C#5', 1.0]];[['A4', 1.0], ['A4', 1.0], ['A4', 1.0], ['A4', 1.0]];[['E4', 1.0], ['E4', 1.0], ['F#4', 1.0], ['G4', 0.5], ['E4', 0.5]];[['C#5', 1.0], ['C#5', 1.0], ['C#5', 1.0], ['C#5', 1.0]];[['A4', 1.0], ['A4', 1.0], ['A4', 1.0], ['A4', 1.0]];[['E4', 1.0], ['E4', 1.0], ['F#4', 1.0], ['G4', 0.5], ['E4', 0.5]];[['C#5', 1.0], ['C#5', 1.0], ['C#5', 1.0], ['C#5', 1.0]];[['A4', 1.0], ['A4', 1.0], ['A4', 1.0], ['A4', 1.0]];[['E4', 1.0], ['E4', 1.0], ['F#4', 1.0], ['G4', 0.5], ['E4', 0.5]];[['A3', 1.0], ['G3', 1.0], ['F#3', 1.0], ['A3', 1.0]];[['A3', 1.0], ['G3', 1.0], ['F#3', 1.0], ['A3', 1.0]];19;bach;bwv190.7-inst
[['F#5', 0.25], ['E5', 0.25], ['F#5', 0.25], ['G5', 0.25], ['F#5', 0.25], ['G5', 0.25], ['F#5', 0.25], ['E5', 0.25], ['D5', 1.0], ('P', 1.0)];[['D5', 0.5], ['A5', 0.25], ['G5', 0.25], ['A5', 0.25], ['B5', 0.25], ['A5', 0.25], ['G5', 0.25], ['F#5', 1.0], ('P', 1.0)];[['A4', 0.5], ['D5', 0.25], ['A4', 0.25], ['D5', 0.25], ['A4', 0.25], ['D5', 0.25], ['A4', 0.25], ['A4', 1.0], ('P', 1.0)];[['D3', 0.5], ['D3', 0.25], ['D3', 0.25], ['D3', 0.25], ['D3', 0.25], ['D3', 0.25], ['D3', 0.25], ['D3', 1.0], ('P', 1.0)];[['D5', 2.0], ['D5', 1.0], ['F#5', 1.0]];[['A4', 2.0], ['A4', 1.0], ['D5', 1.0]];[['F#4', 2.0], ['F#4', 1.0], ['A4', 1.0]];[['D5', 2.0], ['D5', 1.0], ['F#5', 1.0]];[['A4', 2.0], ['A4', 1.0], ['A4', 1.0]];[['F#4', 2.0], ['F#4', 1.0], ['D4', 1.0]];[['D5', 2.0], ['D5', 1.0], ['F#5', 1.0]];[['A4', 2.0], ['A4', 1.0], ['A4', 1.0]];[['F#4', 2.0], ['F#4', 1.0], ['D4', 1.0]];[['D3', 2.0], ['D3', 1.0], ['D3', 1.0]];[['D3', 2.0], ['D3', 1.0], ['D3', 1.0]];20;bach;bwv190.7-inst
[('P', 4.0)];[('P', 4.0)];[('P', 4.0)];[('P', 4.0)];[['F#5', 1.0], ['D5', 1.0], ['E5', 1.0], ['F#5', 1.0]];[['D5', 1.0], ['A4', 1.0], ['B4', 1.0], ['C5', 1.0]];[['A4', 1.0], ['F#4', 1.0], ['G4', 1.0], ['A4', 1.0]];[['F#5', 1.0], ['D5', 1.0], ['E5', 1.0], ['F#5', 1.0]];[['A4', 1.0], ['F#4', 1.0], ['G4', 1.0], ['A4', 1.0]];[['D4', 1.0], ['A3', 1.0], ['B3', 1.0], ['C4', 1.0]];[['F#5', 1.0], ['D5', 1.0], ['E5', 1.0], ['F#5', 1.0]];[['A4', 1.0], ['F#4', 1.0], ['G4', 1.0], ['A4', 1.0]];[['D4', 1.0], ['A3', 1.0], ['B3', 1.0], ['C4', 1.0]];[['D4', 1.0], ['C4', 1.0], ['B3', 1.0], ['A3', 1.0]];[['D4', 1.0], ['C4', 1.0], ['B3', 1.0], ['A3', 1.0]];21;bach;bwv190.7-inst
[('P', 4.0)];[('P', 4.0)];[('P', 4.0)];[('P', 4.0)];[['G5', 2.0], ['F#5', 1.0], ['F#5', 1.0]];[['D5', 1.0], ['A4', 1.0], ['A4', 1.0], ['B4', 1.0]];[['G4', 1.0], ['E4', 1.0], ['D4', 1.0], ['F#4', 1.0]];[['G5', 2.0], ['F#5', 1.0], ['F#5', 1.0]];[['G4', 1.0], ['A4', 1.0], ['A4', 1.0], ['B4', 1.0]];[['D4', 1.0], ['A3', 1.0], ['D4', 1.0], ['F#4', 1.0]];[['G5', 2.0], ['F#5', 1.0], ['F#5', 1.0]];[['G4', 1.0], ['A4', 1.0], ['A4', 1.0], ['B4', 1.0]];[['D4', 1.0], ['A3', 1.0], ['D4', 1.0], ['F#4', 1.0]];[['B3', 1.0], ['C#4', 1.0], ['D4', 1.0], ['D#3', 1.0]];[['B3', 1.0], ['C#4', 1.0], ['D4', 1.0], ['D#3', 1.0]];22;bach;bwv190.7-inst
[('P', 2.0), ('P', 0.5), ['B5', 0.25], ['A5', 0.25], ['B5', 0.25], ['C6', 0.25], ['B5', 0.25], ['A5', 0.25]];[('P', 2.0), ('P', 0.5), ['F#5', 0.25], ['F#5', 0.25], ['F#5', 0.25], ['A5', 0.25], ['G5', 0.25], ['F#5', 0.25]];[('P', 4.0)];[('P', 4.0)];[['E5', 1.0], ['F#5', 1.0], ['D#5', 1.0], ['D#5', 1.0]];[['B4', 1.0], ['C5', 1.0], ['B4', 1.0], ['B4', 1.0]];[['G4', 1.0], ['A4', 1.0], ['F#4', 1.0], ['F#4', 1.0]];[['E5', 1.0], ['F#5', 1.0], ['D#5', 1.0], ['D#5', 1.0]];[['G4', 1.0], ['A4', 1.0], ['F#4', 1.0], ['F#4', 1.0]];[['B3', 1.0], ['C4', 1.0], ['B3', 1.0], ['B3', 1.0]];[['E5', 1.0], ['F#5', 1.0], ['D#5', 1.0], ['D#5', 1.0]];[['G4', 1.0], ['A4', 1.0], ['F#4', 1.0], ['F#4', 1.0]];[['B3', 1.0], ['C4', 1.0], ['B3', 1.0], ['B3', 1.0]];[['E3', 1.0], ['A3', 1.0], ['B3', 1.0], ['B2', 1.0]];[['E3', 1.0], ['A3', 1.0], ['B3', 1.0], ['B2', 1.0]];23;bach;bwv190.7-inst
[['G5', 0.25], ['F#5', 0.25], ['G5', 0.25], ['A5', 0.25], ['G5', 0.25], ['A5', 0.25], ['G5', 0.25], ['F#5', 0.25], ['E5', 1.0], ('P', 1.0)];[['E5', 0.5], ['B5', 0.25], ['A5', 0.25], ['B5', 0.25], ['C#6', 0.25], ['B5', 0.25], ['A5', 0.25], ['G5', 1.0], ('P', 1.0)];[('P', 4.0)];[('P', 4.0)];[['E5', 3.0], ['F#5', 1.0]];[['B4', 3.0], ['D5', 1.0]];[['G4', 3.0], ['A4', 1.0]];[['E5', 3.0], ['F#5', 1.0]];[['G4', 3.0], ['A4', 1.0]];[['B3', 3.0], ['D4', 1.0]];[['E5', 3.0], ['F#5', 1.0]];[['G4', 3.0], ['A4', 1.0]];[['B3', 3.0], ['D4', 1.0]];[['E3', 3.0], ['D3', 1.0]];[['E3', 3.0], ['D3', 1.0]];24;bach;bwv190.7-inst
[('P', 4.0)];[('P', 4.0)];[('P', 4.0)];[('P', 4.0)];[['F#5', 1.0], ['D5', 1.0], ['E5', 1.0], ['F#5', 1.0]];[['D5', 1.0], ['A4', 1.0], ['B4', 1.0], ['C5', 1.0]];[['A4', 1.0], ['F#4', 1.0], ['G4', 1.0], ['A4', 1.0]];[['F#5', 1.0], ['D5', 1.0], ['E5', 1.0], ['F#5', 1.0]];[['A4', 1.0], ['F#4', 1.0], ['G4', 1.0], ['A4', 1.0]];[['D4', 1.0], ['A3', 1.0], ['B3', 1.0], ['C4', 1.0]];[['F#5', 1.0], ['D5', 1.0], ['E5', 1.0], ['F#5', 1.0]];[['A4', 1.0], ['F#4', 1.0], ['G4', 1.0], ['A4', 1.0]];[['D4', 1.0], ['A3', 1.0], ['B3', 1.0], ['C4', 1.0]];[['D4', 1.0], ['C4', 1.0], ['B3', 1.0], ['A3', 1.0]];[['D4', 1.0], ['C4', 1.0], ['B3', 1.0], ['A3', 1.0]];25;bach;bwv190.7-inst
[('P', 4.0)];[('P', 4.0)];[('P', 4.0)];[('P', 4.0)];[['G5', 2.0], ['F#5', 1.0], ['F#5', 1.0]];[['D5', 1.0], ['A4', 1.0], ['A4', 1.0], ['B4', 1.0]];[['G4', 1.0], ['E4', 1.0], ['D4', 1.0], ['F#4', 1.0]];[['G5', 2.0], ['F#5', 1.0], ['F#5', 1.0]];[['G4', 1.0], ['A4', 1.0], ['A4', 1.0], ['B4', 1.0]];[['D4', 1.0], ['A3', 1.0], ['D4', 1.0], ['F#4', 1.0]];[['G5', 2.0], ['F#5', 1.0], ['F#5', 1.0]];[['G4', 1.0], ['A4', 1.0], ['A4', 1.0], ['B4', 1.0]];[['D4', 1.0], ['A3', 1.0], ['D4', 1.0], ['F#4', 1.0]];[['B3', 1.0], ['C#4', 1.0], ['D4', 1.0], ['D#3', 1.0]];[['B3', 1.0], ['C#4', 1.0], ['D4', 1.0], ['D#3', 1.0]];26;bach;bwv190.7-inst
[('P', 2.0), ('P', 0.5), ['B5', 0.25], ['A5', 0.25], ['B5', 0.25], ['C6', 0.25], ['B5', 0.25], ['A5', 0.25]];[('P', 2.0), ('P', 0.5), ['F#5', 0.25], ['F#5', 0.25], ['F#5', 0.25], ['A5', 0.25], ['G5', 0.25], ['F#5', 0.25]];[('P', 4.0)];[('P', 4.0)];[['E5', 1.0], ['F#5', 1.0], ['D#5', 1.0], ['D#5', 1.0]];[['B4', 1.0], ['C5', 1.0], ['B4', 1.0], ['B4', 1.0]];[['G4', 1.0], ['A4', 1.0], ['F#4', 1.0], ['F#4', 1.0]];[['E5', 1.0], ['F#5', 1.0], ['D#5', 1.0], ['D#5', 1.0]];[['G4', 1.0], ['A4', 1.0], ['F#4', 1.0], ['F#4', 1.0]];[['B3', 1.0], ['C4', 1.0], ['B3', 1.0], ['B3', 1.0]];[['E5', 1.0], ['F#5', 1.0], ['D#5', 1.0], ['D#5', 1.0]];[['G4', 1.0], ['A4', 1.0], ['F#4', 1.0], ['F#4', 1.0]];[['B3', 1.0], ['C4', 1.0], ['B3', 1.0], ['B3', 1.0]];[['E3', 1.0], ['A3', 1.0], ['B3', 1.0], ['B2', 1.0]];[['E3', 1.0], ['A3', 1.0], ['B3', 1.0], ['B2', 1.0]];27;bach;bwv190.7-inst
[['G5', 0.25], ['F#5', 0.25], ['G5', 0.25], ['A5', 0.25], ['G5', 0.25], ['A5', 0.25], ['G5', 0.25], ['F#5', 0.25], ['E5', 1.0], ('P', 1.0)];[['E5', 0.5], ['B5', 0.25], ['A5', 0.25], ['B5', 0.25], ['C6', 0.25], ['B5', 0.25], ['A5', 0.25], ['G5', 1.0], ('P', 1.0)];[('P', 4.0)];[('P', 4.0)];[['E5', 3.0], ['F#5', 1.0]];[['B4', 3.0], ['C#5', 1.0]];[['G4', 3.0], ['F#4', 1.0]];[['E5', 3.0], ['F#5', 1.0]];[['G4', 3.0], ['F#4', 1.0]];[['B3', 3.0], ['C#4', 1.0]];[['E5', 3.0], ['F#5', 1.0]];[['G4', 3.0], ['F#4', 1.0]];[['B3', 3.0], ['C#4', 1.0]];[['E3', 3.0], ['A#3', 1.0]];[['E3', 3.0], ['A#3', 1.0]];28;bach;bwv190.7-inst
[('P', 4.0)];[('P', 4.0)];[('P', 4.0)];[('P', 4.0)];[['F#5', 1.0], ['D5', 1.0], ['E5', 1.0], ['F#5', 1.0]];[['B4', 1.0], ['B4', 1.0], ['B4', 1.0], ['D#5', 1.0]];[['D4', 1.0], ['F#4', 1.0], ['G4', 1.0], ['A4', 1.0]];[['F#5', 1.0], ['D5', 1.0], ['E5', 1.0], ['F#5', 1.0]];[['F#4', 1.0], ['F#4', 1.0], ['E4', 1.0], ['D#4', 1.0]];[['D4', 1.0], ['F#4', 1.0], ['B3', 1.0], ['A3', 1.0]];[['F#5', 1.0], ['D5', 1.0], ['E5', 1.0], ['F#5', 1.0]];[['F#4', 1.0], ['F#4', 1.0], ['E4', 1.0], ['D#4', 1.0]];[['D4', 1.0], ['F#4', 1.0], ['B3', 1.0], ['A3', 1.0]];[['B3', 1.0], ['A3', 1.0], ['G3', 1.0], ['F#3', 1.0]];[['B3', 1.0], ['A3', 1.0], ['G3', 1.0], ['F#3', 1.0]];29;bach;bwv190.7-inst
[('P', 4.0)];[('P', 4.0)];[('P', 4.0)];[('P', 4.0)];[['G5', 2.0], ['E5', 1.0], ['E5', 1.0]];[['E5', 2.0], ['A#4', 1.0], ['B4', 1.0]];[['B4', 2.0], ['E4', 0.5], ['F#4', 0.5], ['G4', 1.0]];[['G5', 2.0], ['E5', 1.0], ['E5', 1.0]];[['E4', 1.0], ['F#4', 1.0], ['G4', 1.0], ['G4', 1.0]];[['B3', 2.0], ['A#3', 1.0], ['B3', 1.0]];[['G5', 2.0], ['E5', 1.0], ['E5', 1.0]];[['E4', 1.0], ['F#4', 1.0], ['G4', 1.0], ['G4', 1.0]];[['B3', 2.0], ['A#3', 1.0], ['B3', 1.0]];[['E3', 1.0], ['D3', 1.0], ['C#3', 1.0], ['B2', 1.0]];[['E3', 1.0], ['D3', 1.0], ['C#3', 1.0], ['B2', 1.0]];30;bach;bwv190.7-inst
[('P', 2.0), ('P', 0.5), ['B5', 0.25], ['B5', 0.25], ['A5', 0.25], ['B5', 0.25], ['A5', 0.25], ['G5', 0.25]];[('P', 2.0), ('P', 0.5), ['E5', 0.25], ['E5', 0.25], ['E5', 0.25], ['G5', 0.25], ['F#5', 0.25], ['E5', 0.25]];[('P', 2.0), ('P', 0.5), ['D4', 0.25], ['F#4', 0.25], ['A4', 0.5], ['A4', 0.5]];[('P', 2.0), ('P', 0.5), ['D3', 0.25], ['D3', 0.25], ['A2', 0.5], ['A2', 0.5]];[['E5', 1.0], ['D5', 1.0], ['D5', 1.0], ['C#5', 1.0]];[['C#5', 1.0], ['B4', 1.0], ['B4', 1.0], ['A4', 1.0]];[['F#4', 1.0], ['F#4', 1.0], ['E4', 1.0], ['E4', 1.0]];[['E5', 1.0], ['D5', 1.0], ['D5', 1.0], ['C#5', 1.0]];[['F#4', 1.0], ['F#4', 1.0], ['E4', 1.0], ['E4', 1.0]];[['C#4', 1.0], ['B3', 1.0], ['B3', 1.0], ['A3', 1.0]];[['E5', 1.0], ['D5', 1.0], ['D5', 1.0], ['C#5', 1.0]];[['F#4', 1.0], ['F#4', 1.0], ['E4', 1.0], ['E4', 1.0]];[['C#4', 1.0], ['B3', 1.0], ['B3', 1.0], ['A3', 1.0]];[['A#2', 1.0], ['B2', 1.0], ['G#2', 1.0], ['A2', 1.0]];[['A#2', 1.0], ['B2', 1.0], ['G#2', 1.0], ['A2', 1.0]];31;bach;bwv190.7-inst
[['F#5', 0.25], ['E5', 0.25], ['F#5', 0.25], ['G5', 0.25], ['F#5', 0.25], ['G5', 0.25], ['F#5', 0.25], ['E5', 0.25], ['D5', 1.0]];[['D5', 0.5], ['A5', 0.25], ['G5', 0.25], ['A5', 0.25], ['B5', 0.25], ['A5', 0.25], ['G5', 0.25], ['F#5', 1.0]];[['A4', 0.5], ['D5', 0.25], ['D5', 0.25], ['D5', 0.25], ['A4', 0.25], ['D5', 0.25], ['A4', 0.25], ['A4', 1.0]];[['D3', 0.5], ['D3', 0.25], ['D3', 0.25], ['D3', 0.25], ['D3', 0.25], ['D3', 0.25], ['D3', 0.25], ['D3', 1.0]];[['D5', 3.0]];[['A4', 3.0]];[['F#4', 3.0]];[['D5', 3.0]];[['F#4', 3.0]];[['A3', 3.0]];[['D5', 3.0]];[['F#4', 3.0]];[['A3', 3.0]];[['D2', 3.0]];[['D3', 3.0]];32;bach;bwv190.7-inst
